{
  "id": "3110691",
  "name": "vue-sport-play-ui",
  "font_family": "iconfont",
  "css_prefix_text": "icon-",
  "description": "",
  "glyphs": [
    {
      "icon_id": "947482",
      "name": "商品",
      "font_class": "shangpin",
      "unicode": "e648",
      "unicode_decimal": 58952
    },
    {
      "icon_id": "1029188",
      "name": "列表",
      "font_class": "list-1-copy",
      "unicode": "e605",
      "unicode_decimal": 58885
    },
    {
      "icon_id": "1177735",
      "name": "书",
      "font_class": "shu",
      "unicode": "e633",
      "unicode_decimal": 58931
    },
    {
      "icon_id": "1825690",
      "name": "卡路里",
      "font_class": "qialuli",
      "unicode": "e609",
      "unicode_decimal": 58889
    },
    {
      "icon_id": "5175711",
      "name": "跑步",
      "font_class": "paobu",
      "unicode": "e61c",
      "unicode_decimal": 58908
    },
    {
      "icon_id": "5744731",
      "name": "lock1",
      "font_class": "mima1",
      "unicode": "e602",
      "unicode_decimal": 58882
    },
    {
      "icon_id": "6489735",
      "name": "食物",
      "font_class": "shiwu",
      "unicode": "e691",
      "unicode_decimal": 59025
    },
    {
      "icon_id": "15388515",
      "name": "管理员",
      "font_class": "guanliyuan",
      "unicode": "e650",
      "unicode_decimal": 58960
    },
    {
      "icon_id": "975307",
      "name": "登录",
      "font_class": "denglu",
      "unicode": "e62e",
      "unicode_decimal": 58926
    },
    {
      "icon_id": "2578488",
      "name": "登录",
      "font_class": "denglu1",
      "unicode": "e611",
      "unicode_decimal": 58897
    },
    {
      "icon_id": "11372676",
      "name": "密码",
      "font_class": "mima",
      "unicode": "e8b2",
      "unicode_decimal": 59570
    },
    {
      "icon_id": "11776580",
      "name": "登录",
      "font_class": "denglu2",
      "unicode": "e612",
      "unicode_decimal": 58898
    }
  ]
}
